Site,Instagram,Seguidores,Data
casashow.com.br,ERROR_DOMAIN,-1,02:13:59
winestore.com.br,winestore_br,3621,02:14:05
socd.com.br,socdsuprimentos,26000,02:14:08
ricardoeletro.com.br,ERROR_INSTAGRAM,-1,02:14:08
superprix.com.br,superprixsupermercados,15000,02:14:16
casaevideo.com.br,ERROR_INSTAGRAM,-1,02:14:21
electrolux.com.br,ERROR_INSTAGRAM,-1,02:14:23
decathlon.com.br,decathlonbrasil,770000,02:14:30
kiwana.com.br,kiwanapersonalizados,3076,02:14:37
telhanorte.com.br,telhanorte,152000,02:14:39
drogariasaopaulo.com.br,drogariasaopaulo,133000,02:14:45
podiumparts.com.br,ERROR_INSTAGRAM,-1,02:14:46
livrariacultura.com.br,livraria_cultura,449000,02:14:48
novomundo.com.br,novomundooficial,198000,02:14:49
sepha.com.br,sephaperfumariaoficial,22000,02:14:56
fg.com.br,ferramentas_gerais,-1,02:15:03
imaginarium.com.br,sigaimaginarium,902000,02:15:05
avon.com.br,ERROR_INSTAGRAM,-1,02:15:12
motorola.com.br,ERROR_INSTAGRAM,-1,02:15:13
connectparts.com.br,connectpartsoficial,470000,02:15:20
vulkanfc.com,vulkanbrasil,-1,02:15:27
atacadaodassacoleiras.com.br,ERROR,-1,02:15:37
francagames.com.br,francagames,686,02:15:44
newbalance.com.br,newbalance,7000000,02:15:51
loungerie.com.br,ERROR_INSTAGRAM,-1,02:15:51
superadega.com.br,superadega.com.br,48000,02:15:59
atacadaodoseletros.com.br,atacadaodoseletrosoficial,49000,02:16:06
queromuito.com,ERROR_DOMAIN,-1,02:16:08
araujo.com.br,ERROR_DOMAIN,-1,02:16:13
cobasi.com.br,cobasi,475000,02:16:15
cirilocabos.com.br,ERROR,-1,02:16:25
bazarhorizonte.com.br,bazarhorizonte,201000,02:16:29
clovis.com.br,clovis_oficial,136000,02:16:35
abracadabra.com.br,abracadabraoficial,229000,02:16:38
lojasincor.com.br,lojasincor,10000,02:16:45
toymania.com.br,lojatoymania,18000,02:16:52
sestini.com.br,sestinioficial,130000,02:16:59
drogariaspacheco.com.br,ERROR_DOMAIN,-1,02:17:04
camisariacolombo.com.br,camisariacolombo_oficial,121000,02:17:10
dkj.online,dkj.online,953,02:17:20
casadaarte.com.br,lojas.casadaarte,285000,02:17:27
motosprint.com.br,ERROR_INSTAGRAM,-1,02:17:33
shopb.com.br,ERROR_INSTAGRAM,-1,02:17:34
fmiligrama.com.br,fmiligrama,77000,02:17:36
lojasantoantonio.com.br,lojasantoantonio,905000,02:17:39
dpaschoal.com.br,dpaschoal_oficial,16000,02:17:42
foreverliss.com.br,foreverliss,3000000,02:17:49
urbanarts.com.br,urbanarts,328000,02:17:56
livrariadavila.com.br,livrariadavila,60000,02:17:58
cuticutibaby.com.br,cuticutibaby,-1,02:18:06
breton.com.br,bretonoficial,154000,02:18:08
thebeerplanet.com.br,thebeerplanet,35000,02:18:10
thenorthface.com.br,thenorthfacebr,240000,02:18:12
intimastore.com.br,intimastoreoficial,139000,02:18:19
liquidae.com.br,mxtshopsc.liquidae,22000,02:18:22
shopluxo.com.br,shopluxo,38000,02:18:25
lojadacomadre.com.br,comadre_moda_kids,-1,02:18:34
philco.com.br,philcobrasil,755000,02:18:35
lojagrow.com.br,growbrasil,66000,02:18:42
shopdoscabelos.com.br,shopdoscabelos_,117000,02:18:44
authenticfeet.com.br,ERROR_DOMAIN,-1,02:18:49
femalepet.com.br,femalepet,8541,02:18:56
madeirasgasometro.com.br,gasometromadeiras,9350,02:19:03
lojasilva.com.br,lojasilva_oficial,24000,02:19:11
casamaisbela.com.br,ERROR_INSTAGRAM,-1,02:19:17
timecenter.com.br,ERROR_INSTAGRAM,-1,02:19:19
serratalhada.biz,haroldoserratalhada,-1,02:19:27
casadascuecas.com.br,casadascuecas,20000,02:19:34
jnakao.com.br,casajnakao,28000,02:19:42
dermadoctor.com.br,dermadoctor,20000,02:19:46
schooner.com.br,schooneroficial,18000,02:19:53
poloar.com.br,poloar_oficial,9757,02:20:01
afabula.com.br,afabula,519000,02:20:03
lebiscuit.com.br,p,-1,02:20:10
flaminga.com.br,flaminga,114000,02:20:12
britania.com.br,britaniaeletro,618000,02:20:14
meugameusado.com.br,meugameusado,49000,02:20:18
utilplast.com.br,utilplast,170000,02:20:21
pesca.com.br,pesca.com.br,1180,02:20:28
strar.com.br,strarcondicionado,5475,02:20:30
spicy.com.br,spicy_lojas,115000,02:20:33
cameliaflores.com.br,acameliaflores,18000,02:20:40
cadence.com.br,cadence_brasil,410000,02:20:42
bblend.com.br,b.blend,-1,02:20:45
asics.com.br,ERROR_INSTAGRAM,-1,02:20:46
bshstore.com.br,bshstore.com.br,1814,02:20:52
lojaadcos.com.br,oficialadcos,-1,02:20:55
mestregamer.com.br,ERROR_DOMAIN,-1,02:21:00
cleusapresentes.com.br,ERROR_INSTAGRAM,-1,02:21:03
kdpneus.com.br,kdpneus,14000,02:21:10
drogariavenancio.com.br,drogariavenancio,172000,02:21:17
tecnoferramentas.com.br,tecnoferramentas,635,02:21:20
lilibee.com.br,lilibee,523000,02:21:23
docepelicula.com.br,docepelicula,1000000,02:21:31
supermercadodospets.com.br,ERROR_INSTAGRAM,-1,02:21:37
freeco.com.br,ERROR,-1,02:21:38
mandoras.com.br,mandoras,392000,02:21:40
casatema.com.br,casatema,171000,02:21:42
mousetech.com.br,ERROR_DOMAIN,-1,02:21:48
toqueacampainha.com.br,toqueacampainha,84000,02:21:55
milano.com.br,lojas_milano,343000,02:21:57
casaamerica.com.br,casaamerica,10000,02:22:00
cardiomed.com.br,cardiomedsaude,1279,02:22:07
bottero.net,instabottero,1000000,02:22:15
seculus.com.br,seculusrelogios,83000,02:22:22
psmidiadigital.com.br,ERROR,-1,02:22:32
lookstore.com.br,loja_lookstore_oficial,-1,02:22:39
poparteskins.com.br,poparteskins,46000,02:22:47
soldigital.com.br,ERROR_INSTAGRAM,-1,02:22:48
lojaprojetoverao.com.br,ERROR_INSTAGRAM,-1,02:22:50
repipiu.com.br,ERROR_DOMAIN,-1,02:22:55
megacolchoes.com.br,megacolchoes,4304,02:23:02
vizcaya.com.br,vizcayacosmeticos,41000,02:23:09
sacada.com,sacadacom,177000,02:23:19
gaiabodyart.com.br,gaiabodyart,60000,02:23:27
eurorelogios.com.br,estiloeuro,115000,02:23:30
garagemzumbi.com.br,ERROR_DOMAIN,-1,02:23:35
kaueplussize.com.br,ERROR,-1,02:23:46
institutouniversal.com.br,institutouniversalbr,27000,02:23:48
pierrecardin.com.br,pierrecardinbr,29000,02:23:54
bukone.com.br,bukonestore,11000,02:24:02
aazperfumes.com.br,aazperfumes,13000,02:24:10
costaatacado.com.br,instacostaatacado,5175,02:24:13
estrela.com.br,brinquedosestrela,287000,02:24:20
paghiper.com,paghiper,1903,02:24:22
novaeragames.com.br,ERROR,-1,02:24:32
rrmaquinas.com.br,ERROR,-1,02:24:42
plenacosmeticos.com.br,ERROR,-1,02:24:52
ntlojavirtual.com.br,ERROR,-1,02:25:02
mundialcalcados.com.br,mundialcalcados,281000,02:25:09
souqstore.com.br,souqlovers,269000,02:25:16
zinzane.com.br,zinzaneoficial,756000,02:25:22
fitfield.com.br,fitfield,6757,02:25:30
vindame.com.br,vindame.vinhos,6984,02:25:37
supernossoemcasa.com.br,supernosso,133000,02:25:44
totalluxo.com.br,totalluxo,5145,02:25:51
mormaiishop.com.br,mormaiioficial,200000,02:25:58
keydesign.com.br,keydesign,307000,02:26:05
carmensitas.com.br,ERROR_INSTAGRAM,-1,02:26:13
lunaervas.com.br,ERROR_INSTAGRAM,-1,02:26:20
winebrands.com.br,winebrandsbr,22000,02:26:27
shoploko.com.br,shoploko.com.br,2642,02:26:35
tiobob.com.br,oficialtiobob,126000,02:26:42
azupa.com.br,azupastore,12000,02:26:49
nacar.com.br,nacarmotorcycles,21000,02:26:56
lojascala.com.br,p,-1,02:26:58
climario.com.br,climariooficial,26000,02:27:06
hmmm.com.br,LojaHMMM,264000,02:27:13
gameteczone.com.br,gameteczone,20000,02:27:20
kyly.com.br,ERROR,-1,02:27:21
fidalgos.com.br,fidalgos_magazine,880,02:27:24
worldwine.com.br,worldwine,104000,02:27:31
gorilaclube.com.br,ERROR_INSTAGRAM,-1,02:27:37
miess.com.br,miessmodaintima,113000,02:27:39
chaecia.com.br,chaeciaprodutosnaturais,13000,02:27:47
castorsuspensoes.com.br,castorsuspensoes,436000,02:27:55
moveissimonetti.com.br,moveis.simonetti,154000,02:27:58
aoc.com.br,aocgamingbr,53000,02:28:05
elitesmokebr.com,ssss,12000,02:28:17
mundololita.com,mundololita,-1,02:28:24
samatec.com.br,samatec_,24000,02:28:31
sunhouse.com.br,sunhousemoveis,74000,02:28:33
alphabeto.com,lojaalphabeto,247000,02:28:45
valejet.com,valejet,3225,02:28:52
formoto.com.br,formoto.fabio,539,02:28:59
cantao.com.br,cantao,288000,02:29:02
ecameleca.com.br,ecamelecakids,6040,02:29:09
yaay.com.br,yaayoficial,15000,02:29:16
hipervarejo.com.br,hipervarejo,30000,02:29:18
dellavia.com.br,dellaviapneus,20000,02:29:26
remotox.com.br,loja_remotox,21000,02:29:33
victorinoxstore.com.br,victorinoxbr,54000,02:29:40
imashop.com.br,imashopbr,1999,02:29:42
tecquadros.com,ERROR_INSTAGRAM,-1,02:29:48
elsys.com.br,elsysoficial,35000,02:29:51
autoz.com.br,autozoficial,12000,02:29:53
dipollini.com.br,dipollini,11000,02:29:55
e-cadeiras.com.br,ecadeiras,72000,02:30:02
redbug.com.br,lojaredbug,9959,02:30:09
chocolatesbrasilcacau.com.br,chocolatesbrasilcacau,703000,02:30:16
quadrosdesign.com.br,quadrosdesign,15000,02:30:24
novobebe.com.br,novobebemimos,375000,02:30:31
lojaempoeirados.com.br,canalempoeirados,81000,02:30:40
abrakadabra.com.br,abrakadabraoficial,72000,09:46:44
shopfari.com.br,ERROR_DOMAIN,-1,09:46:50
vinhodelrei.com.br,vinhodelrei,2459,09:46:57
mundoaudio.com.br,mundoaudio,928,09:47:04
minercloud.com.br,ERROR_INSTAGRAM,-1,09:47:10
supermercadodigital.com.br,supermercadodigital,5123,09:47:18
ciapc.com.br,ciapc.informatica,34000,09:48:06
bulkinkjet.com.br,ERROR_INSTAGRAM,-1,09:48:12
drdminas.com.br,drdminasoficial,2990,09:48:19
lojaafghan.com.br,apaixonadasafghan,260000,09:48:26
oxfordporcelanas.com.br,oxford_online,638000,09:48:28
tia.com.ec,ERROR_INSTAGRAM,-1,09:48:34
eletrogate.com,eletrogate,15000,09:48:37
valfrance.com.br,valfrancelingerie,5241,09:48:44
dermomanipulacoes.com.br,dermomanipulacoes,7541,09:48:51
penoestribo.com.br,penoestribobraaap,38000,09:48:58
penoestribo.com.br,penoestribobraaap,38000,09:49:27
rededabeleza.com.br,ERROR_INSTAGRAM,-1,09:49:33
emporiodasbiblias.com.br,ERROR_DOMAIN,-1,09:49:39
aspacosmeticos.com.br,aspacosmeticos,76000,09:49:47
decorassentos.com.br,decorassentos,4937,09:49:54
kitchenaid.com.br,kitchenaidbrasil,350000,10:11:08
priacessorios.com.br,prischiavinato,120000,10:11:16
mpbrinquedos.com.br,mpbrinquedos,17000,10:11:18
karsten.com.br,karstenoficial,594000,10:11:21
oboticario.pt,oboticariopt,164000,10:11:24
marinbrasil.com.br,ERROR_INSTAGRAM,-1,10:11:30
ofner.com.br,ofner,126000,10:11:32
cameramais.com.br,camera.mais,14000,10:11:41
beckercalcados.com.br,beckercalcados,27000,10:11:48
livrofacil.net,ERROR_INSTAGRAM,-1,10:12:40
tklighthouse.com.br,ERROR_DOMAIN,-1,10:12:46
caxiasshopping.com.br,caxiasshopping,72000,10:12:48
bibelokids.com.br,lojabibelokids,5676,10:12:56
lojaclamper.com.br,clamper_oficial,17000,10:13:03
morofishing.com.br,fujitacklebr,2940,10:13:10
ohboy.com.br,ohboyoficial,325000,10:13:18
lojaoptisom.com.br,loja_optisom,64000,10:13:25
casadasembalagens.com.br,casadasembalagens.curitiba,4038,10:13:32
mbembalagens.com.br,distribuidorambembalagens,6868,10:13:39
enviou.com.br,ERROR_INSTAGRAM,-1,10:13:40
embelleze.com,embelleze,1000000,10:13:42
shockgames.com.br,shockgamesoficial,5106,10:13:44
serenatanet.com.br,serenatanet,21000,10:13:47
besni.com.br,lojasbesni,128000,10:13:50
chezfrance.com.br,ERROR,-1,10:13:51
asuissa.com.br,ERROR_INSTAGRAM,-1,10:13:57
redegrupo.com.br,ERROR_DOMAIN,-1,10:14:03
elcabriton.com,elcabriton,-1,10:14:09
agorasaude.com.br,agorasaudeoficial,516,10:14:12
fujioka.com.br,fujiokaonline,118000,10:14:14
dermabox.com.br,lojadermabox,113000,10:14:21
topmel.com.br,ERROR,-1,10:14:31
fortaosuplementos.com.br,fortaosuplementos,12000,10:14:38
festaexpress.com,ERROR_DOMAIN,-1,10:14:41
flowersperfumarias.com.br,ERROR_INSTAGRAM,-1,10:14:42
mustbe.com.br,ERROR_INSTAGRAM,-1,10:14:48
marinhocestas.com.br,ERROR_INSTAGRAM,-1,10:14:48
ordeleite.com.br,ERROR_INSTAGRAM,-1,10:14:55
manole.com.br,oficialmanole,54000,10:15:01
heckelverri.com.br,heckelverrioficial,11000,10:15:08
atau.com.br,ERROR_INSTAGRAM,-1,10:15:14
sporttennis.com.br,sporttenniscwb,1885,10:15:21
nafnaf.com.co,ERROR_INSTAGRAM,-1,10:15:33
artesanatoemvime.com.br,ERROR_INSTAGRAM,-1,10:15:39
invertstore.com.br,invertstoreoficial,2729,10:15:46
dryzun.com.br,dryzunjoias,69000,10:15:54
fieroshop.com.br,fiero_oficial,49000,10:15:56
jonygames.com.br,jonygames,2418,10:16:04
gorilashield.com.br,gshieldbr,137000,10:16:07
planetgirlsstore.com.br,planetgirlsforyou,1000000,10:16:14
aesportiva.com.br,aesportivadigital,-1,13:46:10
bateriaautomotiva.com.br,ERROR_INSTAGRAM,-1,13:46:16
patins.com.br,patins.com.br,-1,13:46:23
centermedical.com.br,ERROR_INSTAGRAM,-1,13:46:47
reycameras.com.br,reycameras,15684,13:46:54
carolinacosta.com.br,carolinacosta_semijoias,65145,13:47:01
copelcolchoes.com.br,copelcolchoes,4515,13:47:04
bebefacil.com.br,bebefacil,16555,13:47:11
acetplace.com.br,acetplaceembalagens,88470,13:47:15
trousseau.com.br,trousseauoficial,233751,13:47:18
ciclourbano.com.br,ciclourbano,7385,13:47:26
sleephouse.com.br,sleephousecolchoes,8116,13:47:28
toptherm.com.br,topthermoficial,73570,13:47:30
cwbsuplementos.com.br,cwbsuplementos,12806,13:47:38
webfones.com.br,ERROR_INSTAGRAM,-1,13:53:57
feed.com.br,feedbrasil,59837,13:53:59
triya.com.br,triya_brasil,243160,13:54:21
thipos.com,ERROR_INSTAGRAM,-1,13:54:39
vivreshop.com.br,ERROR_INSTAGRAM,-1,13:54:45
vaidosacosmeticos.com.br,ERROR_INSTAGRAM,-1,13:54:51
quintadellarte.com.br,quintadellarte,39697,13:54:58
bucaneirosjogos.com.br,bucaneiros,22597,13:55:21
aviator.com.br,aviatoroficial,23377,13:55:43
cartuchoetc.com.br,ERROR_INSTAGRAM,-1,13:56:04
livropostal.com.br,livropostal,-1,09:35:26
tele-rio.com,ERROR,-1,09:35:47
pontodasublimacao.com.br,pontodasublimacao.oficial,29502,09:35:51
izzygames.com.br,izzygamesbr,3368,09:36:13
storex.com.br,storexsexshop,1484,09:36:35
ozonioline.com.br,ozonio.line,32714,09:36:58
adatina.com,ERROR_INSTAGRAM,-1,09:37:19
suprinform.com.br,suprinform,830,09:37:27
fisiofernandes.com.br,ERROR_INSTAGRAM,-1,09:37:44
seuenxoval.com.br,seuenxoval,2071,09:37:51
zelao.com.br,zelaoracing,76508,09:38:13
projetoarduino.com.br,ERROR_INSTAGRAM,-1,09:38:35
joga10.com.br,joga10_oficial,1897,09:38:42
ogio.com.br,ogiobrasil,10793,09:39:04
artescol.com.br,ERROR_INSTAGRAM,-1,09:39:26
intermezzo.com.br,intermezzooficial,32737,09:39:33
usebarba.com.br,usebarba,18132,09:39:55
bailakomigo.com.br,carlinhosaraujo.dancadesalao,-1,09:40:17
casadocapacete.com.br,casadocapacete,46843,09:40:39
thugnine.com.br,thugnine,145781,09:41:00
shopcama.com.br,lojashopcama,1221,09:41:22
megastillo.com.br,megastillooficial,2214,09:44:23
bustershop.com.br,ERROR_INSTAGRAM,-1,09:44:45
mahogany.com.br,mahoganyoficial,233000,09:44:47
libidosecreto.com.br,libidosecretosexshop,1346,09:45:09
hidrosports.com.br,hidrosports,649,09:45:32
anyany.com.br,anyanyoficial,108000,09:45:54
romeucouros.com.br,_casaromeu,5663,09:46:17
tumelero.com.br,p,-1,09:46:33
sparco.com.br,sparcobrasil,52000,09:46:55
penatrilha.com.br,penatrilha,30000,09:47:17
wellcomp.com.br,ERROR_INSTAGRAM,-1,09:47:39
gpj.com.br,gpjinfo,15000,09:47:46
carneiromusic.com.br,carneiromusic,17000,09:48:04
targus.com.br,ERROR_INSTAGRAM,-1,09:48:25
tudoparaimprimir.com.br,tudoparaimprimir,14000,09:48:32
lojaleft.com.br,leftcosmeticos,59000,09:48:55
icabelos.com.br,ERROR_DOMAIN,-1,09:49:16
papelex.com.br,papelex.oficial,27000,09:49:22
2gobag.com.br,2gobag,55000,09:49:45
shopinfo.com.br,shopinfooficial,41000,09:50:07
vitrinedoartesanato.com.br,vitrinedoartesanato_oficial,-1,09:50:31
darksidebooks.com.br,darksidebooks,722000,09:50:53
comprarpapeisdeparede.com.br,comprarpapeisdeparede,1533,09:51:15
cartier.com.br,cartier,13000000,09:51:37
copagloja.com.br,copagoficial,33000,09:52:00
lojainsana.com.br,ERROR,-1,09:52:25
l3store.com.br,l3store,84000,09:52:33
soulier.com.br,soulier_oficial,107000,09:52:55
caixasonline.com,caixas.online,877,09:53:17
beautylist.com.br,beautylistbrasil,7823,09:53:39
megaformasuplementos.com.br,megaformasuplementos,15000,09:54:01
dsrshop.com,dsrshop,8150,09:54:25
soportasejanelas.com.br,soportasejanelas,4135,09:54:48
italiaricambi.com.br,italia.ricambi,1051,09:55:11
bbbaterias.com.br,ERROR_INSTAGRAM,-1,09:55:32
penalty.com.br,penaltybr,134000,09:55:38
bijoulux.com.br,bijouluxacessorios,20000,09:56:01
juliookubo.com.br,juliookubo,49000,09:56:24
ciadosomautomotivo.com.br,ciadosomautomotivo,27000,09:56:42
ciclonatural.com.br,ERROR_DOMAIN,-1,09:57:03
bawclothing.com.br,baw_official,1000000,09:57:12
squeezespersonalizados.com.br,squeezespersonalizados,822,09:57:34
lasmargaritas.com.ar,lasmargaritas_ok,489000,09:57:56
casarioverde.com.br,ERROR_INSTAGRAM,-1,09:58:12
padovani.com.br,padovani.construcao,19000,09:58:19
tritoneyewear.com.br,tritoneyewearoficial,51000,09:58:36
lojascertel.com.br,ERROR_INSTAGRAM,-1,09:58:53
nautikalazer.com.br,nautikalazer,109000,09:58:54
shinytoys.com.br,shinytoysoficial,698,09:59:22
foxtonbrasil.com.br,FoxtonBrasil,104000,09:59:39
conibase.com.br,lojaconibase,5113,10:00:01
shopkola.com.br,shopkola,13000,10:00:24
lavillecasa.com.br,lavillecasa,210000,10:00:47
primetek.com.br,redeprimetek,18000,10:01:09
elastobor.com.br,elastobor,11000,10:01:31
braswu.com.br,braswu,42000,10:01:49
casajoka.com.br,casajoka,18000,10:02:11
vrgamers.com.br,loja_vrgamers,-1,10:20:53
diferencialprint.com.br,diferencialprint,99000,10:21:16
wqsurf.com.br,lojaswqs,-1,10:21:38
rizzoembalagens.com.br,rizzoembalagensefestas,274000,10:22:00
concursoseapostilas.com.br,solucaoconcursos,1840,10:22:23
joge.com.br,jogelingerie,246000,10:22:44
skinceuticals.com.br,skinceuticalsbrasil,421000,10:23:00
azulcalcados.com.br,ERROR,-1,10:23:16
candide.com.br,ERROR_INSTAGRAM,-1,10:23:25
ruadoalecrim.com.br,ERROR_INSTAGRAM,-1,10:23:31
tauste.com.br,tauste.supermercados,54000,10:23:32
casadecasa.com.br,casadecasamoveis,11000,10:23:54
moriajoias.com.br,moria_joias,-1,10:24:17
hidraushop.com,ERROR_INSTAGRAM,-1,10:24:39
gabriellacalcados.com.br,gabriellacalcados,53000,10:24:46
niponcosplay.com.br,niponcosplay,24000,10:25:08
bazardosdesbravadores.com.br,bazar_dbv,20000,10:25:31
levi.com.br,levisbrasil,570000,10:25:47
descartaveisdelivery.com.br,descartaveisdelivery,2167,10:26:10
s4t.com.br,ERROR_INSTAGRAM,-1,10:26:31
sweettshirt.com.br,shopsweettshirt,58000,10:26:34
apopular.com.br,apopularvirtual,0,10:26:56
arcoiriscosmeticos.com.br,ERROR,-1,10:27:12
comprafacillingerie.com.br,lojacomprafacillingerie,197000,10:27:13
ecograph.com.br,ERROR_INSTAGRAM,-1,10:27:34
leandrinistore.com.br,leandrinistore,3,10:27:41
cristaiscadoro.com,ERROR_INSTAGRAM,-1,10:27:58
bebebasico.com.br,bbbasico,135000,10:28:05
book7.com.br,lojabook7,5078,10:28:23
macrosolution.com.br,ERROR_INSTAGRAM,-1,10:28:45
abcdobonsai.com.br,abcdobonsai,109000,10:28:52
osegredodovitorio.com.br,ERROR_INSTAGRAM,-1,10:29:13
gardenmania.com.br,gardenmania.br,2096,10:29:21
nudelmania.com.br,nudelmania,7018,10:29:44
laranjeiraskids.com.br,laranjeiras.kids,67000,10:30:02
altese.com.br,ERROR_INSTAGRAM,-1,10:30:19
sosdapiscina.com.br,ERROR_INSTAGRAM,-1,10:30:26
castronaves.com.br,castronaves?&utmi_p=_&utmi_pc=Html&utmi_cp=Links+Redes+Sociais,5129,10:30:29
memoriasonline.com.br,memoriasonline,18,10:30:51
audiodriver.com.br,loja_audiodriver,8946,10:31:10
ferragensroma.com.br,ferragens_roma,4355,10:31:31
fakini.com.br,fakini,148000,10:31:54
gamaitaly.com.br,gamaitaly.br,101000,10:32:10
finistore.com.br,finibrasil,1000000,10:32:32
cookeletroraro.com.br,cookeletroraro,25000,10:32:54
savanaskateshop.com.br,savana.skateshop,60000,10:33:18
farmaciatupa.com.br,farmaciatupa,2497,10:33:40
liz.com.br,ERROR_INSTAGRAM,-1,10:34:05
marchetti.com.br,marchetti.oficial,161000,10:34:11
datasupriweb.com.br,ERROR,-1,10:34:27
relox.com.br,reloxrelogios,549,10:34:34
usaflex.com.br,usaflex,1000000,10:34:56
gauterio.com.br,ERROR_INSTAGRAM,-1,10:35:17
flaviomotos.com.br,_flaviomotos,728000,10:35:24
aguadecheiro.com.br,aguadecheirooficial,69000,10:35:40
guitarmusic.com.br,guitarmusicshop,14000,10:35:58
uracer.com.br,4takes,4186,10:36:17
bellaphoto.com.br,bellaphoto.com.br,8490,10:36:39
totaltablet.com.br,totaltablet,-1,10:36:57
videoperola.com.br,videoperola,5113,10:37:19
costume.com.br,costumeoficial,122000,10:37:41
vicsa.cl,vicsasafety,1264,10:37:59
cemporcentocristao.com.br,livraria100cristao,55000,10:38:21
ewg.com.br,ERROR_INSTAGRAM,-1,10:38:42
giovannababy.com.br,giovannababyoficial,200000,10:38:48
hersheys.com.br,hersheysbr,276808,15:12:32
punkshop.com.br,punkshopcombr,1802,15:12:54
compreoculos.com.br,compreoculos,4923,15:13:16
antferramentas.com.br,antferramentas,11187,15:13:38
infohouse.com.br,infohouse.oficial,1236,15:14:01
trixtec.com.br,trixtecnologia_official,104,15:14:23
socameradigital.com.br,socameradigital,167,15:14:45
reidomate.com.br,reidomateoficial,49218,15:15:03
viaunochile.com,viauno_chile,183491,15:15:25
todimo.com.br,todimooficial,47032,15:15:47
lanternatatica.com,ERROR_INSTAGRAM,-1,15:16:08
tudoseg.com.br,ERROR_INSTAGRAM,-1,15:16:14
shoppinggranderio.com.br,shopgrio,89020,15:16:16
gismar.com.br,gismar.redes,3061,15:16:39
suplementoscuritiba.com.br,suplementoscuritiba,6404,15:16:56
metalferco.com.br,metalferco,2880,15:17:14
clovisatacado.com.br,clovis_oficial,134266,15:17:37
lamadameco.com,ERROR,-1,15:17:58
machinahelmets.com.br,machinahelmets,28923,15:18:05
artistika.com.br,lojaartistika,1398,15:18:28
vcore.com.br,vcoreonline?igshid=l34vmcaqts44,-1,15:18:45
etonini.com.br,toninidistribuidora,707,15:19:08
ioncabos.com.br,ioncabosled,23,15:19:31
duloren.com.br,duloren,517626,15:19:53
webracing.com.br,lojawebracing?fref=ts&utmi_p=_&utmi_pc=Html&utmi_cp=Redes+Social,-1,15:20:15
casaspedro.com.br,casaspedrorj,151140,15:20:33
casafreitas.com.br,casafreitasoficial,783490,15:20:50
lojadobode.com.br,ERROR_INSTAGRAM,-1,15:21:11
ciainfor.com.br,ciadainformaticadf,530,15:21:19
skill-tec.com,ERROR_INSTAGRAM,-1,15:21:41
esteticapro.com.br,ERROR_INSTAGRAM,-1,15:21:48
furianerd.com.br,ERROR_DOMAIN,-1,15:21:54
lojapayot.com.br,payotbrasil?igshid=zfzpmyy200mg,-1,15:22:01
luplastic.com.br,luplastic,1327,15:22:24
plasvidros.com.br,plasvidrosembalagens,1025,15:22:46
occhiazzurri.com.br,ERROR,-1,15:23:12
brunatessaro.com.br,ERROR_INSTAGRAM,-1,15:23:18
saudestore.com.br,#,-1,15:23:26
dosedeamor.com.br,lojadosedeamor,5367,15:23:48
cariocashopping.com.br,carioca_shopping,96259,15:24:05
sobuzinas.com.br,sobuzinassp,39809,15:24:27
patbo.com.br,patbo_brasil,937359,15:24:45
bestbattery.com.br,ERROR_INSTAGRAM,-1,15:25:06
lucyinthesky.com.br,lucyintheskyoficial,100038,15:25:12
reidacutelaria.com.br,reidacutelaria,70794,09:39:09
perlatto.com.br,ERROR_INSTAGRAM,-1,09:39:25
smartcore.com.br,smartcorebrasil,244,09:39:27
rensz.com.br,rensz,16700,09:39:50
maxlove.com.br,maxloveoficial,520385,09:40:12
shopvirtua3000.com.br,ShopVirtua3000.Oficial,17131,09:40:34
allodi.com.br,ERROR_INSTAGRAM,-1,09:40:56
didaticasp.com.br,didaticasp,6381,09:41:03
gazoni.com.br,gazoniindustria,587,09:41:21
blessedstoreonline.com.br,ERROR,-1,09:41:46
mezzaliramix.com.br,Mezzaliramix,15384,09:41:53
bijutotal.com.br,bijutotal,134487,09:42:15
gaston.com.br,lojasgaston,62822,09:42:37
mercadaodaeletronica.com,ERROR_DOMAIN,-1,09:42:58
doprinter.com,ERROR_INSTAGRAM,-1,09:43:01
copalimpa.com,copalimpa,3868,09:43:09
shopsport.com.br,Shopsport,21116,09:43:32
mercadoafro.com.br,ERROR,-1,09:43:57
goshape.com.br,goshape.oficial,1098,09:44:04
todamusica.com.br,toda_musica,23057,09:44:27
dular.com.br,dularweb,81201,09:44:48
natuclin.com.br,natuclin,4642,09:45:11
delamanoinfo.com.br,delamanoinfo,556,09:45:33
bauarte.com.br,bauarte,88971,09:45:55
nerderia.com.br,nerderiapresentes,822,09:46:17
provanza.com.br,provanza,28284,09:46:39
flormel.com.br,ERROR_INSTAGRAM,-1,09:46:56
ateliedecalcas.com.br,ateliedecalcas,117916,09:47:03
agroveterinaria.com.br,ERROR_INSTAGRAM,-1,09:47:25
tudosobrecontrole.com.br,tudosobrecontroleremoto,8420,09:47:32
sofast.com.br,sofast.com.br,-1,09:47:54
juncao.com.br,juncaoeletroeletronica,242,09:48:16
estampasiradas.com.br,ERROR,-1,09:48:41
afestas.com.br,ERROR_DOMAIN,-1,09:48:47
arpege.com.br,arpegepresentes,7246,09:48:49
hangloose.com.br,hangloose_brasil,242691,09:49:10
wowgames.com.br,#,-1,09:49:32
unikitchen.com.br,unikitchen,4710,09:49:54
lamarina.com.mx,ERROR_INSTAGRAM,-1,09:50:11
jambo.com.br,papelariajambo,13565,09:50:19
mandamimo.com.br,ERROR,-1,09:50:44
aerocaststore.com.br,aerocastbr,-1,09:50:52
polowear.com.br,polowearoficial,414313,09:51:10
shopkal.com.br,shopkal.com.br,447,09:51:32
jeskap.com.br,jeskapoficial,78301,09:51:54
castropil.com.br,embalagenscastropil,14000,10:01:33
megalivros.com.br,megalivros_oficial,2761,10:01:50
californiatoys.com.br,californiatoys,14000,10:02:12
reidaoferta.com.br,reidaoferta,2075,10:02:39
recallinformatica.com.br,recallinformatica?igshid=YmMyMTA2M2Y=,-1,10:02:56
missybaby.com.br,ERROR_INSTAGRAM,-1,10:03:19
babyshoponline.com.br,babyshopituverava,-1,10:03:21
otoro.com.br,loja_virtualotoro,7520,10:03:43
toyplace.com.br,toyplace,2262,10:04:01
bellailuminacao.com.br,bellailuminacao,123000,10:04:19
ekoban.com.br,ekoban,3278,10:04:41
decorlazer.com.br,decorlazer,387,10:05:03
lojakamikasi.com.br,ERROR_INSTAGRAM,-1,10:05:19
drastosa.com.br,drastosasports,-1,10:05:21
politintas.com.br,politintas,14000,10:05:39
smshop.com.br,sm_shop.com.br,16000,10:06:01
izasoler.com.br,izasoleroficial,457000,10:06:24
onderma.com.br,onderma,8073,10:06:49
lapastina.com,lapastina.oficial,65000,10:07:11
procarsuspensoes.com.br,ERROR_INSTAGRAM,-1,10:07:33
lojamerc.com.br,mercbr,-1,10:07:40
petcamp.com.br,redepetcamp,13000,10:07:58
moln.com.br,ERROR_INSTAGRAM,-1,10:08:19
puramagia.com.br,puramagiamoveis,4064,10:08:27
fotodhm.com.br,fotodhm,330,10:08:50
magazinelima.com.br,magazinelima_oficial,3629,10:09:13
bioflorais.com.br,bioflorais,11000,10:09:35
celltronics.com.br,celltronicsbrasil,10000,10:09:57
varotti.com.br,lojavarotti,6229,10:10:19
machinecult.com.br,machinecult,2368,10:10:42
acostamento.com.br,acostamento,261000,10:11:04
limits.com.br,limitsoficial,47000,10:11:20
utilitacozinha.com,ERROR_INSTAGRAM,-1,10:11:42
gamehero.com.br,ERROR_DOMAIN,-1,10:11:48
papasiri.com,lojapapasiri,1899,10:11:55
yellowart.com.br,yellowart_com,10000,10:12:17
herreirasemijoias.com.br,herreirajoias,496000,10:12:40
editoraevora.com.br,editora_evora,2330,10:13:04
campneus.com.br,campneusoficial,13000,10:13:27
myplace.com.br,myplaceoficial,392000,10:13:44
durga.com.br,durgashop,1277,10:14:07
armadillo.com.br,armadillorio,63000,10:14:30
miragenet.com.br,miragemoveis,11000,10:14:55
regatta.com.br,regatta_sport,9651,10:15:19
diveshow.com.br,ERROR_DOMAIN,-1,10:15:40
compramais.com.br,compramais,2672,10:15:46
50maissaude.com.br,50_maissaude,4123,10:16:09
bspharma.com.br,bs_pharma,20000,10:16:30
eletroforte.com.br,eletrofortenf,2120,10:16:53
digitalimpressos.com.br,digitalimpressos,406,10:17:14
aletria.com.br,aletriaeditora,19000,10:17:36
seanjunior.com.br,seanjunior.modainfantil,-1,10:17:59
meiadeseda.com.br,meiadeseda,20000,10:18:21
superminiaturas.com.br,superminiaturas.com.br,719,10:18:43
belezafashion.com.br,belezafashion,94000,10:19:06
bermano.com.br,bermanoautoparts,565,10:19:28
sonoterapico.com.br,ERROR_INSTAGRAM,-1,10:19:49
lookiando.com,ERROR,-1,10:20:00
e-store.com.br,e_store_oficial,474,10:20:07
mtzco.com.br,mtzco,52000,10:20:29
rvalentim.com,rvalentim2009,50000,10:20:52
mrvaper.com.br,ERROR_INSTAGRAM,-1,10:21:14
performancesolutions.com.br,psolutionsbr,17000,10:21:16
dajota.com.br,ERROR_INSTAGRAM,-1,10:21:37
livrariamarcafacil.com.br,marcafacil,69000,10:21:39
makesterapiastore.com,ERROR,-1,10:21:55
bikerspoint.com.br,bikerspoint.oficial,1770,10:22:03
casatoni.com.br,loja_casatoni,970,10:22:25
shopdoscristais.com.br,shopdoscristais,99000,10:22:48
compaq.com.br,compaqbrasil,3220,10:23:09
kenner.com.br,kenner,406000,10:23:26
lojamarsupial.com.br,marsupialeditora,3624,10:23:49
cassie.com.br,cassieacessorios,36000,10:24:12
donachique.com.br,donachique,3058,10:24:35
missbella.com.br,missbellaoficial,81000,10:24:54
thebricksimports.com.br,ERROR,-1,10:25:19
easyart.com.br,easyartembalagens,2049,10:25:28
solixas.com.br,ERROR_INSTAGRAM,-1,10:25:49
pontodf.com.br,ERROR_INSTAGRAM,-1,10:25:55
narcel.com.br,narcelchefs,819,10:26:02
carrapeta.com,carrapeta_oficial,-1,10:26:24
caricatura.com.br,ERROR_INSTAGRAM,-1,10:26:45
digitalconect.com.br,digitalconect,2869,10:26:53
angel.com.br,quero_angel,37000,10:27:15
lampadadeled.com.br,luminariapublica,0,10:27:38
swarovski.com.br,swarovski,8000000,10:27:55
lojakaramello.com.br,wenty.four.seven,-1,10:28:13
poetique.com.br,lojapoetique,18000,10:28:36
guitarshopce.com.br,guitarshopce,22000,10:28:58
cartinhas.com.br,cartinhas_,57000,10:29:20
60hz.com.br,60hzenergias,2122,10:29:42
prego.com.br,prego.oficial,218000,10:30:04
avoracosmeticos.com.br,avoracosmeticos,92000,10:30:21
variato.com.br,variatostore,325,10:30:43
usehomosapiens.com,homosapiensoficial,29,10:31:06
laciestore.com.br,ERROR_INSTAGRAM,-1,10:31:27
babyzone.com.br,babyzone.com.br,2579,10:31:34
casadopapelao.com.br,casadopapelao,2667,10:31:56
canyonadventure.com.br,ERROR,-1,10:32:22
novidadesdamoda.com.br,ERROR,-1,10:32:32
lindoyaverao.com.br,lindoyaverao,5653,10:32:39
bangushopping.com,bangushopping,101000,10:32:57
naturalmed.com.br,naturalmedfarma.oficial,284,10:33:14
cosmeticosnatalia.com.br,cosmeticosnatalia,99000,10:33:36
radioshopping.com.br,radio_shopping,593,10:33:58
tocmix.com.br,tocmix,28000,10:34:20
makalusports.com.br,ERROR_DOMAIN,-1,10:34:41
automacaocuritiba.com.br,automacao_curitiba,5272,10:34:49
tanagra.com.br,tanagracosmeticos,8235,10:35:11
krystalon.com.br,krystaloncopos,-1,10:35:33
rockparts.com.br,rockparts,57000,10:35:55
blu-x.com.br,bluxrio,17000,10:36:17
sunhome.com.br,sunhomebr,53,10:36:40
charmosadivina.com.br,ERROR_DOMAIN,-1,10:37:01
tidal.com.br,ERROR_INSTAGRAM,-1,10:37:07
shopmedical.com.br,shopmedicalsaude,1310,10:37:14
msestetica.com.br,msesteticaoriginal,1047,10:37:38
growpro.com.br,growprocultivoindoor,17000,10:38:01
idealine.com.br,idealine_autoclaves,59000,10:38:17
cadeirauniversitaria.com.br,ERROR_INSTAGRAM,-1,10:38:39
gamegames.com.br,gamegamesbr,11000,10:38:46
lojamultigames.com.br,lojamultigames,1981,10:39:04
dicapri.com.br,ERROR,-1,10:39:20
deiafitness.com.br,deiafitness,9409,10:39:28
lasled.com.br,ERROR_INSTAGRAM,-1,10:39:49
casamimosa.com.br,casamimosahidraulica,28000,10:39:57
ostentare.com.br,ostentare,2264,10:40:19
starwork.com.br,starworkuniformes,24000,10:40:42
mundoervas.com.br,mundoervasoficial,1499,10:41:10
prontoprint.com.br,prontoprintbr,2911,10:41:33
toulon.com.br,toulonoficial,16000,10:41:57
magicadesivos.com.br,magicadesivos,20000,10:42:25
evoprime.com.br,evoprime,49,10:42:47
fator5.com.br,fator5_oficial,20000,10:43:10
tecnoclean.com.br,ERROR,-1,10:43:25
firstclass.com.br,lojafirstclassoficial,588000,10:43:32
ecologio.com.br,ecologiowatch,2489,10:43:54
moikana.com.br,moikana,146000,10:44:17
cabidinho.com.br,ERROR_DOMAIN,-1,10:44:38
atama.com.br,atamakimonos,81000,10:44:45
mmicros.com.br,lojammicros,4073,10:45:07
royalmagazine.com.br,royalmagazine.com.br,97,10:45:25
homebrewers.com.br,homebrewers_,7462,10:45:48
xaparral.com.br,xaparralhelmets,15000,10:46:11
invictaonline.com.br,invictaonline,123000,10:46:29
sethi3d.com.br,sethi3d,34000,10:46:50
infostore.com.br,infostoream,54000,10:47:12
cmshop.com.br,cmshopcelulares,1050,10:47:35
specialitabebidas.com.br,specialitabebidas,1534,10:47:53
emporiodolencol.com.br,emporiodolencol,15000,10:48:14
belezadocampo.com.br,belezadocampo,13000,10:48:37
thatgirl.com.br,thatgirlbrasil,31000,10:48:59
livrariaarquipelago.com.br,arquipelagoeditorial,5954,10:49:22
marvic.com.br,ERROR_INSTAGRAM,-1,10:49:43
dormed.com.br,dormedhospitalar,2590,10:49:51
novalar.com.br,gruponovalar,-1,10:50:14
tramontina.com.mx,tramontinademexico?igshid=1qnh1cy7jc9i,16000,10:50:31
gravatasdobrasil.com.br,gravatasdobrasil,3558,10:50:54
lojadoazulejista.com.br,lojadoazulejista,487,10:51:16
distrihogar.com.co,distrihogar,66000,10:51:44
kitcarona.com.br,ERROR_INSTAGRAM,-1,10:52:05
omnisciencia.com.br,yoganandabrasil,173000,10:52:09
santespa.com.br,ERROR_INSTAGRAM,-1,10:52:31
safetyoutlet.cl,ERROR,-1,10:52:37
shinebijoux.com.br,shinebijoux,14000,10:52:45
sumatra4x4.com.br,sumatra_4x4,14000,10:53:07
viggore.com.br,viggore_moveis,52000,10:53:31
tua.cl,ERROR_INSTAGRAM,-1,10:53:56
stargdl.com.br,ERROR_DOMAIN,-1,10:54:02
adoatelier.com,ado_atelier,181000,10:54:10
nazarian.com.br,nazarianshop,190,10:54:32
shoppingdagestante.com.br,lojashoppingdagestante,590,10:54:54
isavariedades.com.br,ERROR_INSTAGRAM,-1,10:55:16
twinings.com.br,twiningsbr,37000,10:55:18
trussardi.com.br,trussardioficial,210000,10:55:34
maqpress.com.br,ERROR_INSTAGRAM,-1,10:55:55
narguileiro.com.br,narguileiroloja,6241,10:56:03
hotrio.com.br,hotrio.oficial,6542,10:56:25
lepbikes.com.br,lepbikes,447,10:56:48
classicshop.com.br,classicsurfskateshop,3617,10:57:07
aulore.com.br,aulorejoias,659000,10:57:25
natumaxx.com.br,natumaxxcosmeticos,46000,10:57:48
ciadoscabelos.com.br,ciadoscabelosoficial,168000,10:58:11
broadmedia.com.br,broadmediabr,-1,10:58:33
keikosports.com.br,keiko_sports,28000,10:58:56
lojasensualle.com.br,sensualle.oficial,24000,10:59:19
kit-telemensagem.com,ERROR_INSTAGRAM,-1,10:59:40
sobperformance.com.br,sobperformance,333,10:59:48
alphagames.com.br,ERROR,-1,11:00:13
katmandu.com.br,katmandu_25,16000,11:00:21
dream.com.br,dreamfitness_oficial,18000,11:00:38
iogurtesonline.com.br,iolbox,97,11:01:01
perylampo.com.br,perylampofestas,113000,11:01:24
papelariatropical.com.br,papelariatropical,17000,11:01:47
acbrazil.com,acbrazil,366000,11:02:09
carolgava.com.br,carolgavaoficial,24000,11:02:31
zapalla.com.br,zapalla_,49000,11:02:53
mundoinfantil.com.br,ERROR_INSTAGRAM,-1,11:03:14
ferouch.cl,ferouch_chile,-1,11:03:20
fortvitta.com.br,ERROR_DOMAIN,-1,11:03:41
nutricaosobmedida.com.br,nutricaosobmedida,75000,11:03:43
kukos.com.br,kukosimportadora,51000,11:04:06
spirit.com.br,spirit.com.br,14000,11:04:26
vitrinezen.com.br,vitrinezen,4379,11:04:48
modayacamim.com.br,yacamim,93000,11:05:11
rabusch.com.br,ERROR_INSTAGRAM,-1,11:05:32
m2eventos.com,m2eventos_com,35000,11:05:39
tiburon.com.br,tiburoninformatica,689,11:05:57
v2custom.com.br,v2custommotos,1179,11:06:19
shopmusiconline.com.br,lojashopmusic,2923,11:06:41
oticasparis.com.br,oticasparis,24000,11:06:59
enk-b.com,enkb_menswear,1466,11:07:22
itapua.com.br,itapua,169000,11:07:39
artintimalingerie.com.br,artintimalingerie,-1,11:08:02
pva.com.br,ERROR_INSTAGRAM,-1,11:08:23
verdeshop.com.br,verdeshoponline,6186,11:08:31
grx.com.br,grupogrx,12000,11:08:53
megaline.com.br,ERROR_INSTAGRAM,-1,11:09:14
girotondo.com.br,girotondo.oficial,27000,11:09:25
babyforever.com.br,sitebabyforever,8962,11:09:47
sipolatti.com.br,lojassipolatti,121000,11:10:04
clicklingerie.com.br,sexyshop.atacado,14000,11:10:22
terramystica.com.br,loja_umbandaead,-1,11:10:50
chicafulo.com.br,ERROR_INSTAGRAM,-1,11:11:06
silabatonica.com.br,silabatonicarj,-1,11:11:18
multibar.com.br,multibarcba,36000,11:11:40
elainemonteiro.com.br,ERROR_INSTAGRAM,-1,11:12:01
casasertaneja.com.br,casasertanejaeletro,4029,11:12:08
phytoervas.com.br,phytoervas,73000,11:12:30
casadainjecaobrasil.com.br,casadainjecaobrasil,2149,11:12:52
adegaalmeida.com.br,adegaalmeida,4059,11:13:14
balaia.com.br,balaia_,208000,11:13:36
cintasonline.com.br,ERROR_DOMAIN,-1,11:13:58
tcheinverno.com.br,tcheinverno,23000,11:14:10
furuta.com.br,furutacaraudio,586,11:14:32
balca.com.br,industriabalca,4925,11:14:54
selariamarcal.com.br,selariamarcal,6406,11:15:16
valvulasindustriales.com,ERROR_INSTAGRAM,-1,11:15:38
laicao.com.br,pet_shop_laicao,2106,11:15:46
vizeme.com.br,vizeme,8519,11:16:11
dogsshop.com.br,dogsshop,18000,11:16:34
livrarialitteris.com.br,ERROR_INSTAGRAM,-1,11:16:49
theonlyone.com.br,theonlyoneoficial,745,11:16:57
leocosmeticos.com.br,leocosmeticos_oficial,40000,11:17:20
artfinit.com.br,artfinit,162,11:17:42
sweetcosmeticos.com,ERROR_INSTAGRAM,-1,11:18:04
trybo.com.br,trybodesign,6600,11:18:11
recifesexshop.com.br,recifesexshop_,-1,11:18:38
hidrabell.com.br,hidrabell,72000,11:19:02
ou.com.br,ouoficial,213000,11:19:24
kiquitaluki.com.br,kiquitaluki,204000,11:19:46
fancygoods.com.br,fancygoods,129000,11:20:08
beastmodebrasil.com.br,ERROR,-1,11:20:33
idmshop.com.br,idmshopoficial,546,11:20:41
r4suplementos.com.br,r4suplementos,3859,11:21:03
beek.com.br,ERROR_INSTAGRAM,-1,11:21:24
acquafort.com.br,acquafort.digital,686,11:21:27
aguilarnunes.com.br,aguilarnunescadeiras,342,11:21:50
californiasport.com.br,californiasport,1370,11:22:12
aimsolutions.com.br,aim.solutions,-1,11:22:35
eaereo.com.br,espacoaereo,5823,11:22:58
louxor.com.br,ERROR_INSTAGRAM,-1,11:23:19
grupomemorial.net,grupo_memorial,1135,11:23:23
chocolife.com.br,chocolife.br,248000,11:23:45
cosal.com.br,cosalparafusosemangueiras,262,11:24:14
florencecosmeticos.com.br,florencecosmeticos,26000,11:24:37
ciabebe.com.br,cia.bebe,7226,11:24:59
qvsaudio.com.br,qvsaudioeletronicos,50000,11:25:21
suplementoseua.com.br,ERROR_INSTAGRAM,-1,11:25:43
pontoautomacao.com.br,ERROR_INSTAGRAM,-1,11:25:50
freedomfog.com.br,freedomfog,44000,11:25:57
gostodobrasil.com.br,gostodobrasil,991,11:26:19
casadobrindeiro.com.br,casadobrindeiro,19000,11:26:43
planetavino.com.br,ERROR_INSTAGRAM,-1,11:27:04
passarelakids.com.br,ERROR_INSTAGRAM,-1,11:27:11
hollywoodembalagens.com.br,ERROR_INSTAGRAM,-1,11:27:17
lefity.com.br,lefity_bolsas_oficial,4222,11:27:24
timeland.com.br,timelandoficial,1763,11:27:47
engrave.com.br,engrave_personalizados,13000,11:28:09
luxclean.com.br,ERROR_DOMAIN,-1,11:28:30
classicbrazil.com.br,ERROR,-1,11:28:40
gpparts.com.br,gppartsbr,60000,11:28:49
globebrasil.com.br,globebrasil,46000,11:29:11
laross.com.br,loja_virtual_laross,213,11:29:34
medicalfast.com.br,medicalfastbr,19,11:29:56
aquamaris.com.br,aquamariscasaeseguranca,456,11:30:20
francoitaliano.com.br,ERROR_INSTAGRAM,-1,11:30:37
samtaferramentas.com.br,samtaferramentas,1091,11:30:44
opaque.com.br,opaqueoficial,103000,11:31:07
medshop.com.br,medshop.com.br,4837,11:31:30
primesportes.com.br,prime_esportes_tatame,53000,11:31:54
lojas2000.com.br,lojas2000_oficial,7248,11:32:17
layart.com.br,ERROR_INSTAGRAM,-1,11:32:36
siberiaequipamentos.com.br,siberiaequipamentos,25000,11:32:41
avanzzo.com.br,avanzzo,46000,11:33:03
lojadomascote.com.br,lojadomascote.com.br,1993,11:33:25
editorapandorga.com.br,ERROR,-1,11:33:45
iforce.com.br,iforcetec,402,11:33:53
qualityapp.net,qualityaplicativo,1572,11:34:15
oticaswanny.com,oticaswanny,52000,11:34:38
vanessalima.com.br,ERROR_DOMAIN,-1,11:34:54
lojashoje.com.br,lojashoje,17000,11:35:02
shopdesconto.com.br,shopdesconto,2224,11:35:25
bondstock.com.br,bondstockautoimports,153,11:35:47
editoradash.com.br,ERROR_INSTAGRAM,-1,11:36:08
cafenanet.com.br,ERROR_INSTAGRAM,-1,11:36:14
rpharma.com.br,rpharma,3825,11:36:22
amorpelafotografia.com.br,amorpelafotografia,209000,11:36:40
netplus.com.br,ERROR_INSTAGRAM,-1,11:37:01
justplussize.com.br,justplussize_,59000,11:37:09
paoladavinci.com.br,paoladavinci,171000,11:37:30
ameripan.com.br,ameripandistribuidora,3632,11:37:53
pedeatleta.com,pedeatletabrasil,205,11:38:18
eurorogers.com.br,eurorogers,561,11:38:42
cliqueshop.com.br,cliqueshopoficial,41,11:39:05
mixmacro.com,mixmacroferragens,5860,11:39:28
cargocover.com.br,cargocover,141,11:39:50
kart.com.br,kart.com.br,1135,11:40:12
samana.com.br,samanacosmetica,-1,11:40:35
canabee.com.br,canabeeacessorios,-1,11:40:52
freemaq.com.br,ERROR_INSTAGRAM,-1,11:41:14
casaprado.com.br,casa_prado,22000,11:41:23
bhtronic.com.br,ERROR_INSTAGRAM,-1,11:41:44
raiseeditora.com,ERROR_INSTAGRAM,-1,11:41:51
michelletaques.com.br,ERROR,-1,11:42:01
mundooutdoor.com.br,mundooutdoor,18000,11:42:08
bluegardenia.com.br,bluegardeniahome,142000,11:42:31
coletivoemaus.com,coletivo_emaus,152000,11:42:54
docedecoco.com.br,docedecoco_oficial,530000,11:43:16
futuropromocional.com.br,futuropromobrindes,107,11:43:38
teeshop.com.br,teeshop.oficial,1765,11:44:00
portomorretes.com.br,porto_morretes,5544,11:44:22
campvideo.com.br,campvideobvs,1162,11:44:45
dentalaccess.com.br,dental_access,1131,11:45:08
yamatec.com.br,yamatec_geofones,4012,11:45:26
centralsurf.com.br,central_surf,75000,11:45:49
novoshop.com.br,ERROR_INSTAGRAM,-1,11:46:11
vivishop.com.br,ERROR,-1,11:46:16
couroecia.com.br,couroecia?igshid=YmMyMTA2M2Y=,75000,11:46:24
distrivisa.com.br,ERROR_INSTAGRAM,-1,11:46:45
wifigames.com.br,ERROR_DOMAIN,-1,11:46:51
winebio.com.br,winebiooficial,1075,11:46:59
sudshop.com.br,google,14000000,11:47:16
villagehomecenter.com.br,villageconstrucao,32000,11:47:37
belasletras.com.br,editorabelasletras,63000,11:48:01
flavinhaalonso.com.br,flavinhaalonso,53000,11:48:24
madcenter.com.br,ERROR,-1,11:48:49
aztech.com.br,ERROR_INSTAGRAM,-1,11:48:55
gbaby.com.br,ERROR_DOMAIN,-1,11:49:01
selene.com.br,seleneoriginal,27000,11:49:08
laraliz.com.br,loja.laraliz?igshid=1sckchiwc4qvmb,478,11:49:30
medalhaopersa.com.br,medalhaopersa,15000,11:49:52
felicitycestas.com.br,felicitycestas,9981,11:50:15
moveislinhares.com.br,lojasmoveislinhares,65000,11:50:31
jocamaquinas.com,maquinasjoca,5448,11:50:54
damadale.com.br,damadale,10000,11:51:11
eurobaby.com.br,euro_baby,245000,11:51:34
winelovers.com.br,winelovers_oficial,5200,11:51:56
ludicodistribuidora.com.br,ludicodistribuidora,1294,11:52:19
varandagourmet.com.br,varandagourmetbbq,66000,11:52:41
presentediferente.com,ERROR,-1,11:52:58
itbagbrasil.com.br,ERROR_DOMAIN,-1,11:53:04
orthomundishop.com.br,orthomundi,8594,11:53:06
stopcalcados.com.br,stopcalcados,2840,11:53:29
badkid.com.br,badkidoficial,5120,11:53:51
criativatelemensagem.com.br,ERROR_INSTAGRAM,-1,11:54:08
redeopen.com,ERROR_INSTAGRAM,-1,11:54:10
editoraletramento.com.br,editoraletramento,32000,11:54:18
sulvimes.com.br,sulvimes,17000,11:54:35
lojaaprendajiujitsu.com.br,ERROR,-1,11:55:00
bbbeauty.com.br,bbbeautycosmeticos,1202,11:55:08
vandiecia.com.br,vandiecia,9317,11:55:30
vitgold.com.br,vitgoldbrasil,22000,11:55:48
fabela.com.br,fabela.loja,676,11:56:11
tapetesnaweb.com.br,tapetesnaweb,5441,11:56:33
casadoconfeiteiro.com.br,casadoconfeiteirooficial,45000,11:56:56
publistore.com.br,ERROR_DOMAIN,-1,11:57:17
abrashop.com.br,lojadeabrasivos,912,11:57:24
kosmeticos.com.br,kosmeticosprodutosdebeleza,17000,11:57:47
zwilling.com.br,zwilling_br,52000,11:58:04
catelandia.com.br,ERROR_INSTAGRAM,-1,11:58:25
kallina.com.br,kallinabr,1022,11:58:33
predilectsplus.com.br,predilectsplus,252000,11:58:55
ivanamenezes.com,ERROR_INSTAGRAM,-1,11:59:17
misticapresentes.com.br,misticapresentes,1560,11:59:24
arcitor.com.br,arcitor,10000,11:59:47
lvs120.com.br,ERROR_INSTAGRAM,-1,12:00:08
swift.com.br,lojaswift,538000,12:00:15
koisasdeminas.com.br,koisasdeminasdeli,15000,12:00:37
americaparts.com.br,america_parts,5901,12:01:00
gpimports.com.br,ERROR_INSTAGRAM,-1,12:01:21
gatorgrip.com.br,ERROR_INSTAGRAM,-1,12:01:28
tecnofluor.com.br,ERROR_INSTAGRAM,-1,12:01:34
lcdonline.com.br,decoracao_e_metais,-1,12:01:42
benetron.com.br,ERROR_INSTAGRAM,-1,12:02:02
grancouro.com.br,ERROR_INSTAGRAM,-1,12:02:03
dekoreja.com.br,ERROR,-1,12:02:05
floriculturaflorearte.com,florearte.apucarana,5693,12:02:12
lookmusic.com.br,lookmusicinstrumentosmusicais,3450,12:02:35
nippoconfort.com,ERROR_INSTAGRAM,-1,12:02:56
riofashionfitness.com,riofashionfitness,108000,12:03:07
darksecret.com.br,darksecretsexshop,4749,12:03:29
lutashop.com.br,lutashop,1099,12:03:51
belaprata.com,ERROR,-1,12:04:17
amoraaromas.com,amoraaromas,6269,12:04:24
leponge.com.br,lepongebrasil,43000,12:04:46
casadocigano.com.br,casadocigano,120000,12:05:09
seuposto.com,sigaseuposto,1984,12:05:32
trashchic.com.br,trashchicvintage,40000,12:05:54
maumau.com.br,usemaumau,124000,12:06:17
baratosafins.com.br,baratosafinsoficial,8330,12:06:39
socofres.com.br,ERROR_INSTAGRAM,-1,12:07:01
fantasygamesonline.com.br,fantasygamesonline,1252,12:07:08
lachatre.com.br,instituto_lachatre,1691,12:07:31
editoramediacao.com.br,ERROR_INSTAGRAM,-1,12:07:53
atacarejo.com,ERROR,-1,12:07:54
acqualive.com.br,acqualivegroup,41000,12:07:57
titetis.com.br,titetis,27000,12:08:20
bebetenkite.com.br,bebetenkite,144000,12:08:42
brascol.com.br,brascolatacado,167000,12:08:59
farmaciafarmaterra.com,farmaterrafarmacia,989,12:09:21
comam.com.br,comam.insta,853,12:09:44
netink.com.br,ERROR,-1,12:10:09
videolivraria.com.br,ERROR_INSTAGRAM,-1,12:10:15
farejando.com.br,farejandostore,9822,12:10:22
atelierose.com.br,atelierose,4968,12:10:45
fitshop.com.br,fitshopsports,116,12:11:07
coopershop.com.br,ERROR_INSTAGRAM,-1,12:11:29
lidercasa.com.br,lidercasamoveis,-1,12:11:37
goffer.co,gofferco,58000,12:11:59
darling.com.br,ERROR_INSTAGRAM,-1,12:12:18
myllalingerie.com.br,Lingeriemylla,1840,12:12:25
cavenaghi.com.br,cavenaghiloja,11000,12:12:46
flordefogo.com.br,flordefogokimonos,15000,12:13:10
adegadesake.com.br,adegadesake,36000,12:13:32
crisparts.com.br,crisparts,-1,12:13:55
aventaisdivertidos.com.br,ERROR_INSTAGRAM,-1,12:14:16
formatofitness.com.br,ERROR,-1,12:14:27
lepink.com.br,lepinkoficial,97000,12:14:36
padum.com.br,padumrio,1411,12:15:00
cesteria.com.br,cesteria,16000,12:15:22
blitzart.com.br,blitzartshop,26000,12:15:45
someday.com.br,somedayoficial,26000,12:16:08
girassolflores.com.br,girassolflores,4806,12:16:30
sofitas.com.br,ERROR_INSTAGRAM,-1,12:16:52
retromania.com.br,vistaRetromania,16000,12:16:55
danielemifano.com.br,ERROR,-1,12:17:20
simonejoias.com.br,simonejoiaspe,24000,12:17:28
leaoleaozinho.com.br,leaoleaozinho,183000,12:17:51
blm.com.br,blmoficial,23000,12:18:15
omronbrasil.com,omronhealthcarebrasil,17000,12:18:31
blanctoys.com.br,blanctoys,6943,12:18:54
atelievalentinas.com.br,ERROR,-1,12:19:19
brasiloriente.com.br,lojabrasiloriente,1673,12:19:26
maxcoffee.com.br,cafeterragraoespecial,-1,12:19:50
poalingerie.com.br,ERROR,-1,12:20:15
pecahoje.com.br,pecahoje,2995,12:20:22
belcosmeticos.com.br,belcosmeticos_oficial,113000,12:20:44
emporiosul.com.br,emporio.sul,356,12:21:01
skunk.com.br,skunkbrasil,308000,12:21:23
tonernet.com.br,toner_net,3831,12:21:46
carfashion.com.br,carfashioncapas,1052,12:22:08
prosportbike.com.br,prosportbike,23000,12:22:25
bebedeaaz.com.br,ERROR,-1,12:22:46
marquinha.com.br,marquinhabiquinis,11000,12:22:53
shoppingdoslustres.com.br,shoppingdoslustres,33000,12:23:16
caiadopneus.com.br,caiadopneus,4497,12:23:38
perfubrasil.com.br,ERROR_INSTAGRAM,-1,12:23:59
umtoque.com.br,umtoquemoveis,-1,12:24:07
nextcomputer.com.br,next__computer,10000,12:24:30
bigben.com.br,ERROR_INSTAGRAM,-1,12:24:46
solcd.com.br,solcdmonitores,5334,12:24:49
pastilhart.com.br,pastilhart,7731,12:25:13
camargoinformatica.com.br,ERROR_DOMAIN,-1,12:25:34
wedress.com.br,wedress.oficial,6364,12:25:42
medicalline.com.br,medicallineconforto,1082,12:26:04
labici.com.br,labicibrasil,3609,12:26:28
belezamundi.com.br,rigezgelfortalecedordeunhas,644,12:26:50
aluv.com.br,aluvmoveis,2037,12:27:14
personalartdesign.com.br,personalart,5416,12:27:36
brazilianwave.com.br,brazilianwavesouvenir,666,12:27:59
mallustore.com.br,mallustore.com.br,-1,12:28:21
fortfit.com.br,ERROR_DOMAIN,-1,12:28:42
aguasprata.com.br,aguasprata,13000,12:28:44
pcgold.com.br,pc.gold.informatica,668,12:29:07
motobiu.com.br,ERROR,-1,12:29:22
mercadao.com.br,mercadao.com.br,9020,12:29:29
paragominas.com.br,paragominas_home_center,40000,12:29:51
expressmedical.com.br,expressmedicalbr,407,12:30:14
universon.com.br,ERROR_DOMAIN,-1,12:30:34
penduricao.com.br,ERROR,-1,12:30:50
cafebike.com.br,ERROR_INSTAGRAM,-1,12:30:56
blazz.com.br,ERROR,-1,12:31:06
dimensional.com.br,ERROR_INSTAGRAM,-1,12:31:15
ecasadecor.com.br,ERROR,-1,12:31:25
acordemusical.com.br,acordemusical,-1,12:31:33
4400shop.com.br,thermomixbrasil,60000,12:31:55
lrhairshop.com.br,ERROR_INSTAGRAM,-1,12:32:16
uniquefit.com.br,uniquefit.store,761,12:32:24
markashop.com.br,markashop.com.br,38000,12:32:46
agroshopping.com.br,agroshopping.foz,13000,12:33:08
lojasguido.com.br,lojasguido,81000,12:33:31
naturalonline.com.br,duomoficial,3782,12:33:54
editoraisis.com.br,isiseditora,6716,12:34:17
posturama.com,ERROR_INSTAGRAM,-1,12:34:39
tanijewels.com,tanijewels,6041,12:34:48
difusor.com.br,difusorar,11000,12:35:13
marinhociclo.com.br,marinho_motociclo,40,12:35:36
snottra.com.br,snottraoficial,-1,12:35:59
myluststore.com,ERROR_DOMAIN,-1,12:36:20
tstnet.com.br,tstriopreto,-1,12:36:27
virtualmusic.com.br,ERROR_INSTAGRAM,-1,12:36:49
autofull.com.br,ERROR_DOMAIN,-1,12:36:55
smartmart.com.br,ERROR_INSTAGRAM,-1,12:36:55
missb.com.br,lojamissb,7354,12:37:02
gobar.com.ar,gobaroficial,11000,12:37:25
freixenet.com.br,freixenetbrasil,100000,12:37:47
sportgames.com.br,LojaSportGames,16000,12:38:10
connectelevadores.com,ERROR_DOMAIN,-1,12:38:32
letraset.com.br,ERROR_INSTAGRAM,-1,12:38:38
mouraleal.com,mouralealinformatica,591,12:38:46
plastcomp.com.br,plastcomp,215,12:39:08
embrar.com.br,embrar_cxs,54,12:39:31
lojadapesca.com.br,agroepescalaranjeirasoficial,794,12:39:54
magicfeet.com.br,ERROR_DOMAIN,-1,12:40:14
elbodegon.com.mx,elbodegontienda,1943,12:40:17
miniaturasmatos.com.br,miniaturasmatos,1731,12:40:39
zenanimal.com.br,zen_animal,111000,12:41:02
top4you.com.br,ERROR_DOMAIN,-1,12:41:23
sevenseasstore.com,seven_seas.store,32,12:41:31
313sports.com.br,313sportsbrasil,-1,12:41:53
salvena.com.br,salvenamanipulacao,5454,12:42:15
minipreco.com.br,miniprecobr,219000,12:42:37
unihotel.com.br,unihotelautomacao,-1,12:42:56
clubebeleza.com.br,clube.beleza,10000,12:43:19
docile.com.br,docileoficial,65000,12:43:40
cnr.com.br,cnrmateriaisdeconstrucao,15000,12:43:58
stillaacessorios.com.br,stillaacessorios,2946,12:44:23
lullys.com.br,lullys_oficial,3085,12:44:46
procast.com.br,ERROR_INSTAGRAM,-1,12:45:08
babyseat.com.br,babyseat_brasil,231,12:45:10
studiograbowsky.com.br,ERROR_INSTAGRAM,-1,12:45:28
louisemachado.com.br,louisemachado,9784,12:45:30
goldmania.com.br,goldmania,1604,12:45:53
lojasport.com,ERROR_DOMAIN,-1,12:46:14
kasa57.com.br,kasa57_,91000,12:46:22
wimza.com.br,ERROR_INSTAGRAM,-1,12:46:44
ekodama.com.br,okinalarkodamaekodama,1424,12:46:52
promodisplay.com.br,ERROR_INSTAGRAM,-1,12:47:13
percos.com,percosmarketplace,7681,12:47:21
apneia.com.br,apneiamodapraia,18000,12:47:43
gfinformatica.com.br,ERROR,-1,12:48:08
termillantas.com.co,termillantas,1756,12:48:15
5inco.com.br,5incofactory,11000,12:48:37
penoestribo.com,penoestribobraaap,38000,12:49:00
centraldaslareiras.com.br,centraldaslareiras,2075,12:49:22
modaepraia.com.br,lifefitness_modapraia,1285,12:49:45
delaurentis.com.br,delaurentis_brazil,2870,12:50:07
lipogun.com.br,ERROR_INSTAGRAM,-1,12:50:28
balanceiro.com.br,balanceirouberlandia,1274,12:50:35
papelnet.com.br,papelnetsbc,519,12:50:59
ludalmagro.com.br,ludalmagro_,-1,12:51:21
performancef.com.br,performancefitbr,4223,12:51:44
antonella.com.br,@antonellaoficial,-1,12:52:07
worldwidebrasil.com.br,worldwidebrasil,1213,12:52:29
casadopicapau.com.br,casadopicapau,24000,12:52:51
mobilitybrasil.com.br,mobilitybrasil,18000,12:53:09
damatta.com,damattadesign,15000,12:53:31
artemacrilico.com,art_em_acrilico,852,12:53:54
dhomini.com.br,ERROR_INSTAGRAM,-1,12:54:15
brofitwear.com.br,brofitwear,243000,12:54:23
livrosbrasil.com.br,editorarigel,-1,12:54:45
tropicosurfshop.com.br,tropicocaxias,9399,12:55:08
arcanjomiguel.com.br,arcanjomiguelfarmacia,15000,12:55:30
meuchadebebe.com,meu.chadebebe,2602,12:55:52
rpmstore.com.br,rpmstore.com.br,12000,12:56:10
pcommerce.com.br,ERROR,-1,12:56:35
subart.com.br,subart.sc,447,12:56:42
grazz.com.br,grazzshoes,16000,12:57:04
rwinformatica.com.br,ERROR_INSTAGRAM,-1,12:57:22
soulnutrition.com.br,ERROR,-1,12:57:32
lorenza.com.br,lorenza_boutique,189000,12:57:39
petadventure.com.br,loja.petadventure,669,12:58:01
outsidesurf.com.br,ERROR_DOMAIN,-1,12:58:22
allshirts.com.br,ERROR_INSTAGRAM,-1,12:58:28
greenbest.com.br,ERROR,-1,12:58:39
lolasexy.com.br,ERROR,-1,12:58:49
pedrinhobancos.com.br,ERROR_INSTAGRAM,-1,12:58:55
flashcenter.com.br,@flashcentter,-1,12:59:03
osmaq.com.br,osmaq_oficial,251,12:59:25
porttale.com.br,porttale,829,12:59:47
agripecas.net,agripecas.go,12000,13:00:10
queijo.info,queijariatinoweber,2568,13:00:32
destroyed.com.br,ERROR,-1,13:00:57
citton.com.br,cittonequipamentos,1057,13:01:06
rssom.com.br,rssomprofissional,7707,13:01:29
todopano.com.br,ERROR,-1,13:01:54
micmic.com.br,ERROR_DOMAIN,-1,13:01:59
oxynutri.com.br,oxynutri,27000,13:02:08
digitalpet.com.br,digitalpet_,1847,13:02:31
casaterapeutica.com.br,casaterapeutica,4476,13:02:53
dreux.com.br,ERROR_DOMAIN,-1,13:03:14
fardaria.com,ERROR_INSTAGRAM,-1,13:03:25
nelsports.com.br,nelsports.com.br,541,13:03:39
kaiamba.com.br,kaiambaembalagens,18000,13:04:01
teleportal.com.br,teleportallp,363,13:04:23
rizers.com.br,ERROR_INSTAGRAM,-1,13:04:45
neocasa.com.br,ERROR_DOMAIN,-1,13:04:51
casacontemporanea.com.br,casacontemporaneadesign,2672,13:04:59
waldorfonline.com.br,waldorfonline,9126,13:05:21
mariamariah.com.br,ERROR_DOMAIN,-1,13:05:42
htstore.com.br,ERROR,-1,13:05:52
aromaterapica.com,ERROR_DOMAIN,-1,13:05:58
pontoescolar.com.br,ERROR_INSTAGRAM,-1,13:06:09
lbautoparts.com.br,ERROR_INSTAGRAM,-1,13:06:11
lencoltermico.com.br,ERROR_INSTAGRAM,-1,13:06:17
cgservicos.com.br,ERROR,-1,13:06:27
gliffo.com.br,gliffostore,15000,13:06:35
alicemelo.com,ERROR_DOMAIN,-1,13:06:56
lsembalagens.com,ls.embalagens,-1,13:07:00
smartflash.com.br,lojasmartflash,354,13:07:22
startbr.com.br,ERROR_INSTAGRAM,-1,13:07:38
superv.com.br,ERROR_DOMAIN,-1,13:07:44
apostilasconcurso.com.br,ERROR,-1,13:07:54
grifith.com.br,grifithjoalheiros,13000,13:08:00
lojadoconstrutor.com,ERROR,-1,13:08:21
lulumoda.com.br,lulumodas_loretoma,-1,13:08:29
centroeletronico.com.br,centroeletronico,1484,13:08:51
lulingerie.com,ERROR,-1,13:09:26
shopdotatuador.com,smartdragon_centro,9415,13:09:35
uniformesvinhedo.com.br,ERROR_DOMAIN,-1,13:09:56
printime.com.br,printimegrafica,1314,13:10:04
diba695.com.br,diba.695,3626,13:10:26
infolandia.com.br,ERROR_INSTAGRAM,-1,13:10:48
sesegaut.com.br,ERROR_DOMAIN,-1,13:10:54
vialar.com.br,vialarutilidades,680,13:11:02
erotikashop.com.br,erotikashop,7334,13:11:25
quadroteca.com.br,ERROR,-1,13:11:50
bigjack.com.br,bigjackbrewshop,3223,13:11:57
medicalcompany.com.br,medicalcompanybrasil,6327,13:12:19
fancyshop.com.br,amofancyshop,23000,13:12:39
papierdecor.com.br,papierdecoroficial,16000,13:13:01
munizz.com.br,ERROR_DOMAIN,-1,13:13:22
compreyoga.com.br,compreyoga,1356,13:13:25
selloutapparel.com,ERROR,-1,13:13:46
conexline.com.br,ERROR_INSTAGRAM,-1,13:13:53
merakistore.com.br,ERROR,-1,13:13:58
servin.com.br,servintecnologia,51,13:14:05
zort.com.br,games.zort,980,13:14:30
afmedical.com.br,ERROR_INSTAGRAM,-1,13:14:51
festapan.com.br,festapan_,5744,13:14:58
aroseiral.com.br,aroseiralflores,881,13:15:21
opano.com.br,opano.rj,29000,13:15:43
maderi.com.br,maderisemijoias,1723,13:16:05
emojinho.com,ERROR_DOMAIN,-1,13:16:27
paintballbrasilia.com.br,brpba,2229,13:16:34
overboeditora.com,overboeditora,1158,13:16:57
ucommerce.com.br,ucommerce_,103,13:17:14
cambodja.com.br,estilocambodja,15000,13:17:37
seglon.com.br,ERROR,-1,13:18:03
compo.com.br,compo.artedesign,416,13:18:10
caffeine.com.br,caffeinenutrition,2,13:18:28
webfishing.com.br,webfishingbr,1394,13:18:46
netepi.com.br,net_epi,16,13:19:03
minioutlet.com.br,minioutletoficial,5904,13:19:22
cybersom.com.br,ERROR_DOMAIN,-1,13:19:43
brings.com.br,bringsimports,121,13:19:50
cereales.com.br,cerealestimbo,3614,13:20:12
petlive.com.br,ERROR_INSTAGRAM,-1,13:20:34
lemadu.com,uselemadu,2919,13:20:41
giselemodas.com.br,giselefmodas,1462,13:21:04
motomulher.com.br,motomulher,1042,13:21:27
pontodorock.com.br,pontodorockoficial,1070,13:21:49
mercadotecnico.com.br,ERROR_INSTAGRAM,-1,13:22:11
needles.com.br,needlesbrasil,527,13:22:18
consertaai.com,ERROR_DOMAIN,-1,13:22:36
lojar.com,lojarbr,105000,13:22:45
mantosagrado.net,ERROR_INSTAGRAM,-1,13:23:06
donaco.com.br,ERROR,-1,13:23:16
isha.com.br,ERROR_INSTAGRAM,-1,13:23:23
2amgaming.com,2amgamingoficial,21000,13:23:29
powervirtual.com.br,ERROR_INSTAGRAM,-1,13:23:51
edugames.com.br,ERROR_INSTAGRAM,-1,13:23:57
unikjoias.com.br,unik.joias_oficial?utm_medium=copy_link,1151,13:24:04
brinqueaqui.com,brinqueaqui.com.br,65,13:24:27
capitalcosmeticos.com.br,ERROR,-1,13:24:52
grafinet.com.br,ERROR_DOMAIN,-1,13:24:58
trueemotion.com.br,ERROR_INSTAGRAM,-1,13:25:04
closetkids.com.br,ERROR,-1,13:25:14
vet-co.net,ERROR_INSTAGRAM,-1,13:25:22
spaolonzi.com.br,spaolonzi,4197,13:25:29
oticabrasileira.com.br,ERROR_DOMAIN,-1,13:25:50
flordovento.com,flordoventostore,365,13:25:58
trimarapostilas.com,ERROR_INSTAGRAM,-1,13:26:20
greenup.com.br,greenup.oficial,13000,13:26:22
radionaval.com.br,radionaval,-1,13:26:40
connectedup.com.br,ERROR,-1,13:27:06
luzdecristo.com.br,ERROR_INSTAGRAM,-1,13:27:12
tapajosinformatica.com,tapajos_informatica,11000,13:27:24
cyco.com.br,cycobrl,2186,13:27:41
palacio.com.br,palaciodaferramenta,4075,13:28:04
carolflores.com.br,carolfloresoficial,88000,13:28:27
mdinfobelem.com,mdinfobelem,583,13:28:45
avtenis.com,avteniss,1322,13:29:08
alfarelogios.com,ERROR,-1,13:29:24
mogikids.com.br,ERROR,-1,13:29:34
4tempos.com,4temposoficial,52000,13:29:42
infordesk.com.br,ERROR_INSTAGRAM,-1,13:30:14
big.com.br,hipermercadobig,856000,13:30:21
1fit.com.br,#,-1,13:30:43
scannerbrasil.com,ERROR_INSTAGRAM,-1,13:31:04
anjore.com.br,anjorecosmeticos,6329,13:31:11
modulosolar.com.br,modulosolar_,4782,13:31:34
cires.com.br,ERROR_DOMAIN,-1,13:31:54
laksmi.com.br,laksmifarmacia,524,13:32:02
blackfix.com.br,blackfixcosmeticos,51000,13:32:20
papelariamachado.com.br,ERROR,-1,13:32:45
amuletaria.com,ERROR_DOMAIN,-1,13:32:51
assistirtv.com.br,ERROR,-1,13:33:01
livrariapiggle.com,ERROR,-1,13:33:03
infosig.com.br,ERROR,-1,13:33:13
playergames.com.br,playergames,20000,13:33:20
kasiprofessional.com.br,ERROR,-1,13:33:45
livrarianovotempo.com.br,novotempolivraria,75,13:33:51
mpack.com.br,mpackonline,270,13:34:14
happybabystore.com.br,ERROR,-1,13:34:39
astroscience3d.com,astroscience3d,2015,13:34:48
telaparanotebook.com.br,ERROR_DOMAIN,-1,13:35:09
getgame.com.br,lojagetgame,4553,13:35:11
fitoervas.com.br,ERROR_DOMAIN,-1,13:35:33
newsons.com.br,newsons.music,4960,13:35:41
dosaq.com.br,ERROR_INSTAGRAM,-1,13:36:03
bquimica.com,ERROR_DOMAIN,-1,13:36:09
justkidding.com.br,justkiddinguniformes,173,13:36:16
gtshop.com.br,ERROR_DOMAIN,-1,13:36:37
nutrisense.com.br,ERROR_INSTAGRAM,-1,13:36:43
ararense.com,ERROR,-1,13:36:44
geniali.com.br,genialibr,50,13:36:51
danieledessin.com.br,danieledessin,5765,13:37:14
vaneatrezza.com.br,vaneatrezzaoficial,15000,13:37:36
seucosta.com.br,seucosta.com.br,6914,13:37:58
boutiquedasmotos.com,https:,-1,13:38:22
livropostal.com,ERROR,-1,13:38:47
bodylifesuplementos.com,bodylifetuc,-1,13:38:51
aguagelada.com.br,ERROR_INSTAGRAM,-1,13:39:11
leatelie.com.br,leatelieart,6161,13:39:19
santacruzbikes.com.br,santacruzbikesbrasil,31000,13:39:41
lojapontocom.com.br,ERROR,-1,13:40:06
salalimpa.com.br,ERROR_INSTAGRAM,-1,13:40:12
marcenariatiradentes.com.br,marcenariatiradentes,11000,13:40:19
cruzeirocolor.com.br,cruzeirocolor,712,13:40:41
maniavip.com,pulseirasdeidentificacao,-1,13:41:03
farmaonline.com,farmaonlineok,161000,13:41:27
maofrancesa.com,maofrancesaoficial,33,13:41:45
heletro.com.br,eletromar_aquecedores,158,13:42:08
wrede.com.br,ERROR,-1,13:42:33
mivlab.com,mivlab,133,13:42:47
devine.com.br,ERROR_DOMAIN,-1,13:43:08
mercadodasflores.net,floriculturamercadodasflores,113,13:43:16
casualcomfort.com.br,casualcomfortoficial,118,13:43:39
targaracing.com.br,ERROR_INSTAGRAM,-1,13:44:00
nivelum.com.br,Lojanivelum,850,13:44:04
guaracidigital.com.br,guaracidigital,6966,13:44:22
lowcars.com.br,lowcarsoficial,605000,13:44:44
tempestal.com,tempestalstore,941,13:45:08
naymagazine.com,ERROR_INSTAGRAM,-1,13:45:30
essenza.com.br,ERROR_INSTAGRAM,-1,13:45:36
kimagazine.com.br,ERROR,-1,13:45:46
k2shop.com.br,k2vendasonline,-1,13:45:50
alodia.com.br,ERROR_DOMAIN,-1,13:46:11
laviolette.com.br,ERROR,-1,13:46:21
essencianatural.net,essencianat,414,13:46:29
sobiju.com,sobijucuritiba,1332,13:46:53
clicktec.com.br,ERROR_DOMAIN,-1,13:47:13
dmbr.com.br,ERROR_INSTAGRAM,-1,13:47:19
digitalsom.com.br,ERROR_INSTAGRAM,-1,13:47:26
pluscan.com.br,ERROR_INSTAGRAM,-1,13:47:32
deliciasfit.com,deliciasfitbrazil,18000,13:47:44
sciessere.com.br,sciessere.pf,1296,13:48:13
brenny.com.br,ERROR_INSTAGRAM,-1,13:48:34
betakim.com.br,ERROR,-1,13:48:44
vitacard.com.br,ERROR_INSTAGRAM,-1,13:48:50
coisabacana.com.br,coisabacana,250,13:48:53
tomadadeparedeusb.com.br,ERROR,-1,13:49:18
gameseletro.com.br,ERROR_DOMAIN,-1,13:49:24
labonna.com.br,labonnaconcept,84000,13:49:32
pontocertoferragens.com.br,pontocertoferragens,5080,13:49:54
mercadoshop.com.br,ERROR_DOMAIN,-1,13:50:10
cestaseflores.com.br,cestasefloresfloricultura,731,13:50:18
nahera.com.br,nahera.resende,311,13:50:40
datavia.com.br,ERROR_DOMAIN,-1,13:51:01
jurunense.com,jurunense,54000,13:51:08
cimcal.com,ERROR_INSTAGRAM,-1,13:51:24
susanabordados.com.br,ERROR_DOMAIN,-1,13:51:31
ecosense.com.br,ERROR_INSTAGRAM,-1,13:51:37
cecla.com.br,ERROR_DOMAIN,-1,13:51:42
pipamania.com.br,ERROR_INSTAGRAM,-1,13:51:43
kingnote.com.br,_kingnote,868,13:51:51
shopbio.com.br,biostoreoficial,19000,13:52:13
mellone.com.br,lojasmellone,10000,13:52:31
dtintas.com.br,dtintas,1214,13:52:55
emporiofelicita.com.br,felicita.emporio,492,13:53:17
cmconstrucoes.com,ERROR,-1,13:53:34
modabras.com,brasemjaguariuna,9068,13:53:43
baraozinho.com.br,instabaraozinho,23000,13:54:01
cristalhaircosmeticos.com.br,ERROR_INSTAGRAM,-1,13:54:23
amig.com.br,ERROR_DOMAIN,-1,13:54:29
cloudfacil.net,ERROR_INSTAGRAM,-1,13:54:35
popurri.com.br,popurrisexshop,398,13:54:42
belasartesconvites.com,ERROR_INSTAGRAM,-1,13:55:03
vilard.com.br,vilardartigostaticos,5908,13:55:11
mssantos.com,ERROR_DOMAIN,-1,13:55:42
somsateletronicos.com.br,ERROR_INSTAGRAM,-1,13:55:49
babysoninho.com,ERROR,-1,13:55:50
itstruffi.com.br,ERROR,-1,13:56:00
plugindigital.com.br,ERROR_DOMAIN,-1,13:56:06
maniadecamisetas.com.br,ERROR,-1,13:56:16
fibromax.com.br,afibromax,343,13:56:23
iplanetstore.com.br,ERROR,-1,13:56:44
fgclean.com.br,ERROR,-1,13:56:54
esquinadamoda.com.br,ERROR,-1,13:57:04
larocasbaby.com,larocas_baby,948,13:57:17
amigaintima.com.br,ERROR,-1,13:57:37
docesabor.net,ERROR,-1,13:57:38
vamosbrindar.com.br,vamosbrindaroficial,1588,13:57:45
infuture.com.br,infutureinformatica,161,13:58:03
nutrinow.com.br,nutrinoww,3947,13:58:26
sunsetwood.com,sunsetwooddesign,5863,13:58:49
shopfortaleza.com,shopfortaleza,114,13:59:11
lojasaojose.com.br,lojasaojosecgms,9121,13:59:34
carangomaxcellis.com.br,ERROR_INSTAGRAM,-1,13:59:57
dudadoces.com,ERROR,-1,14:00:08
amigosdacruz.com.br,ERROR_INSTAGRAM,-1,14:00:09
doctorcomputer.com.br,doctorcomputeroficial,10000,14:00:12
artstuff.com.br,ERROR_DOMAIN,-1,14:00:33
ventdecor.com.br,ventdecor,25000,14:00:41
lusoft.com.br,ERROR_INSTAGRAM,-1,14:01:02
yegrin.com.br,yegrin_modas,25000,14:01:05
princesacalcados.com.br,princesacalcadosoficial,11000,14:01:30
watchmaker.com.br,ERROR,-1,14:01:55
gigacenter.com.br,giga_center_technology,7482,14:02:05
perfumenaweb.com,perfumenawebstore,1695,14:02:27
viagrafica.com.br,ERROR_INSTAGRAM,-1,14:02:49
marialeiteconcept.com.br,marialeiteconcept,9556,14:02:56
donavita.com.br,ERROR,-1,14:03:12
nortesul.com,nortesul.com.br,857,14:03:19
anja.com.br,ERROR_DOMAIN,-1,14:03:40
chinelaticos.com.br,rsrc.php,-1,14:03:42
iluska.com.br,iluskapapelariacriativa,888,14:04:05
m12eletronicos.com.br,ERROR_INSTAGRAM,-1,14:04:26
equipeclub.com.br,equipeinfomagazine,449,14:04:39
boutiquesexy.com.br,boutiquesexy,1255,14:05:02
grissi.com.br,grissi_uniformes,859,14:05:24
zerosete.com.br,ERROR,-1,14:05:50
vittanutri.com,vittanutri,1089,14:05:57
fenix2.com.br,fenix2.calcados,2042,14:06:19
andmar.com.br,ERROR_INSTAGRAM,-1,14:06:41
cachopabrasil.com.br,cachopabrasil,51000,14:06:49
bleymed.com.br,bleymed,4015,14:07:12
versatty.com.br,ERROR_INSTAGRAM,-1,14:07:28
blockb.com.br,ERROR,-1,14:07:38
lojalindaflor.com.br,ERROR_DOMAIN,-1,14:07:44
indians.com.br,indiansmotosoficial,3068,14:07:52
icatec.com.br,ERROR_INSTAGRAM,-1,14:08:19
lojadaflora.com.br,ERROR,-1,14:08:29
mundomanu.com,mundomanuoficial,78000,14:08:36
tiavaleria.com.br,tia.valeria,8306,14:08:57
btextreme.com,bt_extreme,3518,14:09:21
biologicabrasil.com.br,ERROR_INSTAGRAM,-1,14:09:42
herbo.com.br,HerboAromas,3750,14:09:50
eagleimports.com.br,eagleimportsoficial,983,14:10:12
mafermoveis.com,mafermoveis,3018,14:10:35
calceperfeito.com.br,calceperfeito,8083,14:10:56
timetec.com.br,time.tec,1543,14:11:18
farmaciabioessencia.com,farmacia_bioessencia,7140,14:11:41
onixxbrasil.com.br,onixxbrasil,16000,14:12:04
makaisurfshop.com.br,ERROR,-1,14:12:29
mywood.com.br,ERROR_DOMAIN,-1,14:12:35
matix.com.br,ERROR,-1,14:12:40
variado.com.br,ERROR_INSTAGRAM,-1,14:12:41
mywaystore.com.br,bymyway.store,8921,14:12:49
ciagames.com.br,ciagames.com.br,1951,14:13:12
jeandarrot.com.br,jeandarrot,276000,14:13:34
netpan.com.br,netpan.br,1678,14:13:56
ajcomercial.com.br,deposito.aj,72,14:14:18
craftando.com.br,craftandostore,26000,14:14:36
multiitens.com.br,multiitenspp_vc_,38000,14:15:00
versalhesmoda.com,versalhes.moda,847,14:15:23
activo.com.br,ERROR_DOMAIN,-1,14:15:44
masterplantas.com.br,ERROR,-1,14:15:54
husqvarnaracingparts.com,ERROR_INSTAGRAM,-1,14:16:00
cosmake.com.br,cosmakeoficial,12000,14:16:08
jope.me,ERROR,-1,14:16:33
krash.com.br,krashstreet,20000,14:16:41
lojadomilitar.com,loja.do.militar,5447,14:17:05
ajutech.com.br,ERROR,-1,14:17:30
komprei.com.br,ERROR_INSTAGRAM,-1,14:17:36
riomel.com.br,riomelrp,1249,14:17:44
onixtecnologia.com.br,ERROR_INSTAGRAM,-1,14:18:05
planetabombom.com.br,planetabombomoficial,20000,14:18:13
netshopgames.com,NetshopGames,8324,14:18:31
hollygames.com.br,ERROR,-1,14:18:57
rosarara.com.br,ERROR_DOMAIN,-1,14:19:02
viron.com.br,luvasviron,6144,14:19:10
terraterapia.com,terraterapiaoficial,590,14:19:34
ciclesjaime.com.br,ciclesjaime,2551,14:19:56
ciadobolo.com.br,@ciabololoja,-1,14:20:20
julica.com.br,ERROR_DOMAIN,-1,14:20:41
guibssom.com.br,guibssom,3482,14:20:49
revolutiongamesexpress.com.br,revolution_games_express,11000,14:21:12
vuten.com.br,vuten.store,1329,14:21:34
